{
    "K_ICE": {"sub_dict":"parameters_ICE","property":"K","min":1,"max": 10, "round":1},
    "K_EV": {"sub_dict":"parameters_EV","property":"K","min":1,"max": 10, "round":1},
    "delta": {"sub_dict":"parameters_ICE","property":"delta","min":0.0001,"max": 0.002, "round":0},
    "lambda": {"sub_dict":"parameters_firm","property":"lambda","min":1e-4,"max": 1e-2, "round":0},
    "a_chi": {"sub_dict":"parameters_social_network","property":"a_chi","min":0.05,"max": 4, "round":0},
    "b_chi": {"sub_dict":"parameters_social_network","property":"b_chi","min":0.05,"max": 4, "round":0},
    "kappa": {"sub_dict":"parameters_vehicle_user","property":"kappa","min":2.25e-4,"max": 1e-3, "round":0},
    "mu": {"sub_dict":"parameters_vehicle_user","property":"mu","min":0.5,"max":10, "round":0},
    "r": {"sub_dict":"parameters_vehicle_user","property":"r","min":0.00407412378,"max":0.01, "round":0},
    "alpha": {"sub_dict":"parameters_vehicle_user","property":"alpha","min":0.2,"max":0.8, "round":0}
}