zip,year,ev_sales,total_sales
90438,2016,13,1015
90192,2016,44,1015
90225,2016,2,1015
90045,2016,10,1015
90579,2016,39,1015
90471,2016,36,1015
90222,2016,3,1015
90681,2016,4,1015
90699,2016,16,1015
90597,2016,10,1015
90030,2016,19,1015
90243,2016,5,1015
90078,2016,22,1015
90474,2016,9,1015
90318,2016,21,1015
90519,2016,10,1015
90282,2016,8,1015
90327,2016,3,1015
90156,2016,58,1015
90480,2016,11,1015
90576,2016,80,1015
90141,2016,33,1015
90429,2016,22,1015
90522,2016,42,1015
90615,2016,51,1015
90525,2016,56,1015
90075,2016,7,1015
90015,2016,7,1015
90633,2016,10,1015
90642,2016,14,1015
90468,2016,38,1015
90330,2016,13,1015
90501,2016,1,1015
90420,2016,19,1015
90201,2016,7,1015
90528,2016,64,1015
90084,2016,8,1015
90051,2016,19,1015
90702,2016,4,1015
90456,2016,25,1015
90060,2016,3,1015
90462,2016,13,1015
90339,2016,1,1015
90393,2016,1,1015
90207,2016,18,1015
90087,2016,2,1015
90531,2016,1,1015
90360,2016,45,1015
90363,2016,25,1015
90387,2016,3,1015
90036,2016,14,1015
90645,2016,2,1015
90591,2016,46,1015
90165,2016,83,1015
90435,2016,49,1015
90366,2016,1,1015
90534,2016,96,1015
90654,2016,9,1015
90297,2016,8,1015
90660,2016,2,1015
90336,2016,5,1015
90609,2016,30,1015
90177,2016,58,1015
90303,2016,18,1015
90048,2016,28,1015
90459,2016,21,1015
90120,2016,1,1015
90651,2016,6,1015
90600,2016,35,1015
90144,2016,11,1015
90063,2016,32,1015
90108,2016,14,1015
90537,2016,6,1015
90198,2016,20,1015
90540,2016,69,1015
90111,2016,73,1015
90171,2016,67,1015
90312,2016,10,1015
90411,2016,19,1015
90135,2016,6,1015
90180,2016,24,1015
90072,2016,19,1015
90483,2016,1,1015
90369,2016,4,1015
90372,2016,6,1015
90582,2016,11,1015
90627,2016,42,1015
90495,2016,4,1015
90117,2016,18,1015
90033,2016,23,1015
90639,2016,21,1015
90417,2016,10,1015
90375,2016,15,1015
90543,2016,31,1015
90288,2016,3,1015
90546,2016,20,1015
90549,2016,99,1015
90066,2016,13,1015
90672,2016,22,1015
90105,2016,3,1015
90324,2016,31,1015
90405,2016,5,1015
90606,2016,46,1015
90054,2016,3,1015
90213,2016,7,1015
90252,2016,4,1015
90636,2016,15,1015
90219,2016,6,1015
90210,2016,13,1015
90612,2016,41,1015
90492,2016,3,1015
90585,2016,67,1015
90102,2016,8,1015
90114,2016,12,1015
90126,2016,5,1015
90204,2016,14,1015
90552,2016,23,1015
90132,2016,30,1015
90159,2016,7,1015
90414,2016,4,1015
90465,2016,52,1015
90666,2016,3,1015
90390,2016,21,1015
90321,2016,16,1015
90306,2016,8,1015
90162,2016,14,1015
90168,2016,26,1015
90183,2016,36,1015
90555,2016,22,1015
90648,2016,3,1015
90216,2016,3,1015
90630,2016,52,1015
90657,2016,7,1015
90408,2016,48,1015
90558,2016,69,1015
90129,2016,46,1015
90396,2016,29,1015
90186,2016,150,1015
90138,2016,2,1015
90444,2016,71,1015
90486,2016,24,1015
90561,2016,12,1015
90099,2016,6,1015
90123,2016,31,1015
90147,2016,59,1015
90174,2016,3,1015
90564,2016,79,1015
90624,2016,26,1015
90039,2016,73,1015
90453,2016,83,1015
90294,2016,8,1015
90285,2016,9,1015
90567,2016,21,1015
90195,2016,18,1015
90315,2016,22,1015
90441,2016,39,1015
90090,2016,85,1015
90402,2016,4,1015
90603,2016,32,1015
90345,2016,12,1015
90477,2016,26,1015
90378,2016,21,1015
90300,2016,19,1015
90153,2016,232,1015
90663,2016,5,1015
90399,2016,51,1015
90150,2016,13,1015
90381,2016,55,1015
90042,2016,10,1015
90333,2016,2,1015
90570,2016,139,1015
90309,2016,108,1015
90291,2016,9,1015
90705,2016,1,1015
90708,2016,6,1015
90069,2016,18,1015
90594,2016,29,1015
90426,2016,19,1015
90669,2016,3,1015
90573,2016,11,1015
90189,2016,13,1015
90618,2016,5,1015
90384,2016,5,1015
90081,2016,23,1015
90450,2016,59,1015
90447,2016,71,1015
90057,2016,41,1015
90246,2016,5,1015
90009,2016,3,1015
90588,2016,7,1015
90696,2016,2,1015
90255,2016,1,1015
90432,2016,71,1015
90720,2016,17,1015
90249,2016,1,1015
90678,2016,18,1015
90003,2016,2,1015
90006,2016,7,1015
90711,2016,4,1015
90273,2016,4,1015
90279,2016,4,1015
90240,2016,1,1015
90270,2016,1,1015
90714,2016,0,1015
90267,2016,4,1015
90258,2016,43,1015
90348,2016,0,1015
90687,2016,5,1015
90021,2016,8,1015
90507,2016,5,1015
90516,2016,0,1015
90012,2016,4,1015
90513,2016,0,1015
90018,2016,15,1015
90510,2016,3,1015
90276,2016,0,1015
90234,2016,8,1015
90738,2016,0,1015
90093,2016,5,1015
90231,2016,0,1015
90342,2016,5,1015
90498,2016,4,1015
90723,2016,3,1015
90024,2016,4,1015
90264,2016,1,1015
90423,2016,65,1015
90693,2016,2,1015
90096,2016,31,1015
90354,2016,0,1015
90351,2016,3,1015
90729,2016,4,1015
90261,2016,7,1015
90489,2016,45,1015
90000,2016,0,1015
90621,2016,19,1015
90228,2016,6,1015
90726,2016,0,1015
90237,2016,4,1015
90690,2016,0,1015
90717,2016,1,1015
90357,2016,3,1015
90735,2016,2,1015
90504,2016,1,1015
90684,2016,0,1015
90675,2016,7,1015
90744,2016,0,1015
90732,2016,0,1015
90747,2016,0,1015
90027,2016,4,1015
90741,2016,0,1015
90438,2017,16,1015
90192,2017,59,1015
90225,2017,6,1015
90045,2017,17,1015
90579,2017,56,1015
90471,2017,47,1015
90222,2017,5,1015
90681,2017,0,1015
90699,2017,19,1015
90597,2017,16,1015
90030,2017,25,1015
90243,2017,7,1015
90078,2017,34,1015
90474,2017,10,1015
90318,2017,38,1015
90519,2017,20,1015
90282,2017,9,1015
90327,2017,5,1015
90156,2017,86,1015
90480,2017,7,1015
90576,2017,140,1015
90141,2017,63,1015
90429,2017,29,1015
90522,2017,64,1015
90615,2017,80,1015
90525,2017,80,1015
90075,2017,12,1015
90015,2017,10,1015
90633,2017,12,1015
90642,2017,17,1015
90468,2017,51,1015
90330,2017,18,1015
90501,2017,2,1015
90420,2017,36,1015
90201,2017,8,1015
90528,2017,113,1015
90084,2017,4,1015
90051,2017,22,1015
90702,2017,11,1015
90456,2017,34,1015
90060,2017,5,1015
90462,2017,16,1015
90339,2017,5,1015
90393,2017,1,1015
90207,2017,28,1015
90087,2017,4,1015
90531,2017,11,1015
90360,2017,62,1015
90363,2017,40,1015
90387,2017,4,1015
90036,2017,17,1015
90645,2017,7,1015
90591,2017,62,1015
90165,2017,116,1015
90435,2017,87,1015
90366,2017,3,1015
90534,2017,132,1015
90654,2017,8,1015
90297,2017,19,1015
90660,2017,3,1015
90336,2017,18,1015
90609,2017,50,1015
90177,2017,119,1015
90303,2017,36,1015
90048,2017,54,1015
90459,2017,14,1015
90120,2017,1,1015
90651,2017,5,1015
90600,2017,53,1015
90144,2017,16,1015
90063,2017,37,1015
90108,2017,36,1015
90537,2017,4,1015
90198,2017,28,1015
90540,2017,87,1015
90111,2017,103,1015
90171,2017,88,1015
90312,2017,16,1015
90411,2017,34,1015
90135,2017,6,1015
90180,2017,33,1015
90072,2017,24,1015
90483,2017,5,1015
90369,2017,4,1015
90372,2017,14,1015
90582,2017,18,1015
90627,2017,55,1015
90495,2017,12,1015
90117,2017,21,1015
90033,2017,24,1015
90639,2017,33,1015
90417,2017,17,1015
90375,2017,15,1015
90543,2017,58,1015
90288,2017,3,1015
90546,2017,38,1015
90549,2017,164,1015
90066,2017,17,1015
90672,2017,29,1015
90105,2017,12,1015
90324,2017,48,1015
90405,2017,9,1015
90606,2017,77,1015
90054,2017,11,1015
90213,2017,10,1015
90252,2017,8,1015
90636,2017,27,1015
90219,2017,8,1015
90210,2017,39,1015
90612,2017,47,1015
90492,2017,10,1015
90585,2017,102,1015
90102,2017,7,1015
90114,2017,14,1015
90126,2017,3,1015
90204,2017,13,1015
90552,2017,23,1015
90132,2017,42,1015
90159,2017,13,1015
90414,2017,5,1015
90465,2017,79,1015
90666,2017,5,1015
90390,2017,32,1015
90321,2017,32,1015
90306,2017,25,1015
90162,2017,29,1015
90168,2017,41,1015
90183,2017,29,1015
90555,2017,46,1015
90648,2017,3,1015
90216,2017,1,1015
90630,2017,88,1015
90657,2017,27,1015
90408,2017,59,1015
90558,2017,126,1015
90129,2017,73,1015
90396,2017,28,1015
90186,2017,252,1015
90138,2017,1,1015
90444,2017,90,1015
90486,2017,29,1015
90561,2017,22,1015
90099,2017,9,1015
90123,2017,28,1015
90147,2017,65,1015
90174,2017,1,1015
90564,2017,127,1015
90624,2017,24,1015
90039,2017,106,1015
90453,2017,125,1015
90294,2017,11,1015
90285,2017,16,1015
90567,2017,27,1015
90195,2017,32,1015
90315,2017,35,1015
90441,2017,72,1015
90090,2017,120,1015
90402,2017,16,1015
90603,2017,78,1015
90345,2017,5,1015
90477,2017,32,1015
90378,2017,28,1015
90300,2017,32,1015
90153,2017,359,1015
90663,2017,1,1015
90399,2017,88,1015
90150,2017,9,1015
90381,2017,60,1015
90042,2017,11,1015
90333,2017,2,1015
90570,2017,196,1015
90309,2017,137,1015
90291,2017,28,1015
90705,2017,0,1015
90708,2017,6,1015
90069,2017,25,1015
90594,2017,30,1015
90426,2017,31,1015
90669,2017,2,1015
90573,2017,16,1015
90189,2017,17,1015
90618,2017,12,1015
90384,2017,6,1015
90081,2017,42,1015
90450,2017,97,1015
90447,2017,111,1015
90057,2017,50,1015
90246,2017,5,1015
90009,2017,2,1015
90588,2017,5,1015
90696,2017,1,1015
90255,2017,0,1015
90432,2017,126,1015
90720,2017,16,1015
90249,2017,1,1015
90678,2017,22,1015
90003,2017,0,1015
90006,2017,11,1015
90711,2017,2,1015
90273,2017,5,1015
90279,2017,11,1015
90240,2017,3,1015
90270,2017,3,1015
90714,2017,0,1015
90267,2017,3,1015
90258,2017,40,1015
90348,2017,0,1015
90687,2017,8,1015
90021,2017,7,1015
90507,2017,3,1015
90516,2017,1,1015
90012,2017,19,1015
90513,2017,0,1015
90018,2017,18,1015
90510,2017,5,1015
90276,2017,1,1015
90234,2017,11,1015
90738,2017,0,1015
90093,2017,3,1015
90231,2017,2,1015
90342,2017,13,1015
90498,2017,5,1015
90723,2017,2,1015
90024,2017,2,1015
90264,2017,3,1015
90423,2017,89,1015
90693,2017,1,1015
90096,2017,45,1015
90354,2017,1,1015
90351,2017,1,1015
90729,2017,7,1015
90261,2017,11,1015
90489,2017,72,1015
90000,2017,5,1015
90621,2017,30,1015
90228,2017,5,1015
90726,2017,0,1015
90237,2017,6,1015
90690,2017,0,1015
90717,2017,2,1015
90357,2017,2,1015
90735,2017,2,1015
90504,2017,2,1015
90684,2017,3,1015
90675,2017,4,1015
90744,2017,0,1015
90732,2017,0,1015
90747,2017,1,1015
90027,2017,2,1015
90741,2017,0,1015
90438,2018,31,1015
90192,2018,110,1015
90225,2018,8,1015
90045,2018,18,1015
90579,2018,84,1015
90471,2018,83,1015
90222,2018,7,1015
90681,2018,4,1015
90699,2018,34,1015
90597,2018,29,1015
90030,2018,28,1015
90243,2018,10,1015
90078,2018,38,1015
90474,2018,24,1015
90318,2018,35,1015
90519,2018,36,1015
90282,2018,7,1015
90327,2018,8,1015
90156,2018,157,1015
90480,2018,18,1015
90576,2018,207,1015
90141,2018,153,1015
90429,2018,52,1015
90522,2018,80,1015
90615,2018,130,1015
90525,2018,156,1015
90075,2018,24,1015
90015,2018,18,1015
90633,2018,17,1015
90642,2018,37,1015
90468,2018,80,1015
90330,2018,21,1015
90501,2018,3,1015
90420,2018,52,1015
90201,2018,18,1015
90528,2018,157,1015
90084,2018,19,1015
90051,2018,32,1015
90702,2018,4,1015
90456,2018,49,1015
90060,2018,1,1015
90462,2018,22,1015
90339,2018,7,1015
90393,2018,1,1015
90207,2018,34,1015
90087,2018,5,1015
90531,2018,5,1015
90360,2018,100,1015
90363,2018,80,1015
90387,2018,1,1015
90036,2018,24,1015
90645,2018,8,1015
90591,2018,105,1015
90165,2018,210,1015
90435,2018,142,1015
90366,2018,5,1015
90534,2018,229,1015
90654,2018,10,1015
90297,2018,33,1015
90660,2018,4,1015
90336,2018,22,1015
90609,2018,90,1015
90177,2018,190,1015
90303,2018,55,1015
90048,2018,72,1015
90459,2018,18,1015
90120,2018,0,1015
90651,2018,3,1015
90600,2018,66,1015
90144,2018,18,1015
90063,2018,50,1015
90108,2018,37,1015
90537,2018,12,1015
90198,2018,46,1015
90540,2018,137,1015
90111,2018,162,1015
90171,2018,187,1015
90312,2018,16,1015
90411,2018,45,1015
90135,2018,11,1015
90180,2018,58,1015
90072,2018,28,1015
90483,2018,7,1015
90369,2018,9,1015
90372,2018,13,1015
90582,2018,19,1015
90627,2018,70,1015
90495,2018,14,1015
90117,2018,36,1015
90033,2018,36,1015
90639,2018,56,1015
90417,2018,30,1015
90375,2018,28,1015
90543,2018,93,1015
90288,2018,4,1015
90546,2018,50,1015
90549,2018,232,1015
90066,2018,18,1015
90672,2018,39,1015
90105,2018,10,1015
90324,2018,82,1015
90405,2018,19,1015
90606,2018,129,1015
90054,2018,16,1015
90213,2018,22,1015
90252,2018,12,1015
90636,2018,24,1015
90219,2018,6,1015
90210,2018,63,1015
90612,2018,84,1015
90492,2018,14,1015
90585,2018,189,1015
90102,2018,8,1015
90114,2018,17,1015
90126,2018,6,1015
90204,2018,23,1015
90552,2018,26,1015
90132,2018,68,1015
90159,2018,19,1015
90414,2018,7,1015
90465,2018,128,1015
90666,2018,8,1015
90390,2018,22,1015
90321,2018,30,1015
90306,2018,19,1015
90162,2018,34,1015
90168,2018,61,1015
90183,2018,41,1015
90555,2018,60,1015
90648,2018,6,1015
90216,2018,3,1015
90630,2018,123,1015
90657,2018,33,1015
90408,2018,106,1015
90558,2018,219,1015
90129,2018,124,1015
90396,2018,36,1015
90186,2018,417,1015
90138,2018,6,1015
90444,2018,162,1015
90486,2018,55,1015
90561,2018,29,1015
90099,2018,5,1015
90123,2018,51,1015
90147,2018,114,1015
90174,2018,5,1015
90564,2018,225,1015
90624,2018,44,1015
90039,2018,174,1015
90453,2018,185,1015
90294,2018,7,1015
90285,2018,15,1015
90567,2018,53,1015
90195,2018,47,1015
90315,2018,66,1015
90441,2018,135,1015
90090,2018,213,1015
90402,2018,21,1015
90603,2018,112,1015
90345,2018,5,1015
90477,2018,54,1015
90378,2018,61,1015
90300,2018,48,1015
90153,2018,548,1015
90663,2018,2,1015
90399,2018,131,1015
90150,2018,13,1015
90381,2018,97,1015
90042,2018,18,1015
90333,2018,4,1015
90570,2018,271,1015
90309,2018,254,1015
90291,2018,40,1015
90705,2018,1,1015
90708,2018,11,1015
90069,2018,38,1015
90594,2018,60,1015
90426,2018,40,1015
90669,2018,3,1015
90573,2018,31,1015
90189,2018,17,1015
90618,2018,14,1015
90384,2018,8,1015
90081,2018,52,1015
90450,2018,165,1015
90447,2018,181,1015
90057,2018,79,1015
90246,2018,6,1015
90009,2018,2,1015
90588,2018,13,1015
90696,2018,1,1015
90255,2018,0,1015
90432,2018,208,1015
90720,2018,26,1015
90249,2018,0,1015
90678,2018,39,1015
90003,2018,3,1015
90006,2018,12,1015
90711,2018,3,1015
90273,2018,6,1015
90279,2018,8,1015
90240,2018,0,1015
90270,2018,3,1015
90714,2018,0,1015
90267,2018,1,1015
90258,2018,67,1015
90348,2018,0,1015
90687,2018,8,1015
90021,2018,9,1015
90507,2018,3,1015
90516,2018,0,1015
90012,2018,22,1015
90513,2018,3,1015
90018,2018,30,1015
90510,2018,6,1015
90276,2018,3,1015
90234,2018,10,1015
90738,2018,0,1015
90093,2018,1,1015
90231,2018,6,1015
90342,2018,24,1015
90498,2018,8,1015
90723,2018,3,1015
90024,2018,6,1015
90264,2018,2,1015
90423,2018,143,1015
90693,2018,1,1015
90096,2018,86,1015
90354,2018,1,1015
90351,2018,6,1015
90729,2018,7,1015
90261,2018,14,1015
90489,2018,112,1015
90000,2018,4,1015
90621,2018,53,1015
90228,2018,6,1015
90726,2018,4,1015
90237,2018,1,1015
90690,2018,2,1015
90717,2018,0,1015
90357,2018,4,1015
90735,2018,7,1015
90504,2018,0,1015
90684,2018,5,1015
90675,2018,6,1015
90744,2018,0,1015
90732,2018,1,1015
90747,2018,0,1015
90027,2018,5,1015
90741,2018,0,1015
90438,2019,28,1015
90192,2019,104,1015
90225,2019,5,1015
90045,2019,18,1015
90579,2019,94,1015
90471,2019,101,1015
90222,2019,7,1015
90681,2019,3,1015
90699,2019,22,1015
90597,2019,21,1015
90030,2019,28,1015
90243,2019,7,1015
90078,2019,46,1015
90474,2019,22,1015
90318,2019,37,1015
90519,2019,55,1015
90282,2019,5,1015
90327,2019,4,1015
90156,2019,174,1015
90480,2019,9,1015
90576,2019,231,1015
90141,2019,154,1015
90429,2019,53,1015
90522,2019,61,1015
90615,2019,135,1015
90525,2019,132,1015
90075,2019,12,1015
90015,2019,13,1015
90633,2019,21,1015
90642,2019,44,1015
90468,2019,64,1015
90330,2019,22,1015
90501,2019,2,1015
90420,2019,49,1015
90201,2019,21,1015
90528,2019,195,1015
90084,2019,8,1015
90051,2019,37,1015
90702,2019,7,1015
90456,2019,46,1015
90060,2019,7,1015
90462,2019,20,1015
90339,2019,4,1015
90393,2019,1,1015
90207,2019,32,1015
90087,2019,2,1015
90531,2019,4,1015
90360,2019,120,1015
90363,2019,76,1015
90387,2019,3,1015
90036,2019,14,1015
90645,2019,4,1015
90591,2019,132,1015
90165,2019,241,1015
90435,2019,151,1015
90366,2019,0,1015
90534,2019,289,1015
90654,2019,9,1015
90297,2019,19,1015
90660,2019,2,1015
90336,2019,19,1015
90609,2019,86,1015
90177,2019,204,1015
90303,2019,47,1015
90048,2019,78,1015
90459,2019,28,1015
90120,2019,0,1015
90651,2019,6,1015
90600,2019,64,1015
90144,2019,33,1015
90063,2019,57,1015
90108,2019,32,1015
90537,2019,8,1015
90198,2019,46,1015
90540,2019,147,1015
90111,2019,174,1015
90171,2019,199,1015
90312,2019,27,1015
90411,2019,50,1015
90135,2019,13,1015
90180,2019,57,1015
90072,2019,36,1015
90483,2019,2,1015
90369,2019,9,1015
90372,2019,7,1015
90582,2019,31,1015
90627,2019,87,1015
90495,2019,11,1015
90117,2019,42,1015
90033,2019,23,1015
90639,2019,62,1015
90417,2019,19,1015
90375,2019,22,1015
90543,2019,70,1015
90288,2019,5,1015
90546,2019,58,1015
90549,2019,270,1015
90066,2019,24,1015
90672,2019,54,1015
90105,2019,10,1015
90324,2019,74,1015
90405,2019,15,1015
90606,2019,158,1015
90054,2019,16,1015
90213,2019,17,1015
90252,2019,9,1015
90636,2019,24,1015
90219,2019,9,1015
90210,2019,62,1015
90612,2019,85,1015
90492,2019,17,1015
90585,2019,202,1015
90102,2019,6,1015
90114,2019,27,1015
90126,2019,1,1015
90204,2019,17,1015
90552,2019,28,1015
90132,2019,70,1015
90159,2019,11,1015
90414,2019,9,1015
90465,2019,148,1015
90666,2019,7,1015
90390,2019,31,1015
90321,2019,22,1015
90306,2019,31,1015
90162,2019,45,1015
90168,2019,56,1015
90183,2019,50,1015
90555,2019,53,1015
90648,2019,3,1015
90216,2019,1,1015
90630,2019,146,1015
90657,2019,39,1015
90408,2019,111,1015
90558,2019,226,1015
90129,2019,129,1015
90396,2019,45,1015
90186,2019,479,1015
90138,2019,3,1015
90444,2019,169,1015
90486,2019,59,1015
90561,2019,23,1015
90099,2019,7,1015
90123,2019,42,1015
90147,2019,109,1015
90174,2019,2,1015
90564,2019,266,1015
90624,2019,48,1015
90039,2019,212,1015
90453,2019,184,1015
90294,2019,10,1015
90285,2019,14,1015
90567,2019,48,1015
90195,2019,51,1015
90315,2019,67,1015
90441,2019,178,1015
90090,2019,237,1015
90402,2019,19,1015
90603,2019,136,1015
90345,2019,8,1015
90477,2019,50,1015
90378,2019,56,1015
90300,2019,34,1015
90153,2019,652,1015
90663,2019,4,1015
90399,2019,120,1015
90150,2019,11,1015
90381,2019,101,1015
90042,2019,24,1015
90333,2019,6,1015
90570,2019,298,1015
90309,2019,274,1015
90291,2019,43,1015
90705,2019,0,1015
90708,2019,8,1015
90069,2019,32,1015
90594,2019,68,1015
90426,2019,31,1015
90669,2019,2,1015
90573,2019,24,1015
90189,2019,31,1015
90618,2019,15,1015
90384,2019,1,1015
90081,2019,52,1015
90450,2019,177,1015
90447,2019,249,1015
90057,2019,67,1015
90246,2019,5,1015
90009,2019,3,1015
90588,2019,15,1015
90696,2019,4,1015
90255,2019,0,1015
90432,2019,243,1015
90720,2019,27,1015
90249,2019,3,1015
90678,2019,35,1015
90003,2019,1,1015
90006,2019,9,1015
90711,2019,7,1015
90273,2019,7,1015
90279,2019,6,1015
90240,2019,2,1015
90270,2019,0,1015
90714,2019,0,1015
90267,2019,2,1015
90258,2019,53,1015
90348,2019,0,1015
90687,2019,9,1015
90021,2019,13,1015
90507,2019,2,1015
90516,2019,1,1015
90012,2019,9,1015
90513,2019,1,1015
90018,2019,16,1015
90510,2019,2,1015
90276,2019,1,1015
90234,2019,10,1015
90738,2019,2,1015
90093,2019,3,1015
90231,2019,2,1015
90342,2019,19,1015
90498,2019,14,1015
90723,2019,2,1015
90024,2019,8,1015
90264,2019,3,1015
90423,2019,126,1015
90693,2019,1,1015
90096,2019,87,1015
90354,2019,2,1015
90351,2019,2,1015
90729,2019,5,1015
90261,2019,5,1015
90489,2019,103,1015
90000,2019,2,1015
90621,2019,57,1015
90228,2019,3,1015
90726,2019,1,1015
90237,2019,1,1015
90690,2019,2,1015
90717,2019,1,1015
90357,2019,1,1015
90735,2019,7,1015
90504,2019,3,1015
90684,2019,2,1015
90675,2019,11,1015
90744,2019,0,1015
90732,2019,0,1015
90747,2019,0,1015
90027,2019,4,1015
90741,2019,0,1015
90438,2020,34,1015
90192,2020,121,1015
90225,2020,7,1015
90045,2020,22,1015
90579,2020,105,1015
90471,2020,112,1015
90222,2020,13,1015
90681,2020,2,1015
90699,2020,23,1015
90597,2020,16,1015
90030,2020,34,1015
90243,2020,3,1015
90078,2020,44,1015
90474,2020,15,1015
90318,2020,36,1015
90519,2020,41,1015
90282,2020,3,1015
90327,2020,4,1015
90156,2020,177,1015
90480,2020,20,1015
90576,2020,263,1015
90141,2020,154,1015
90429,2020,58,1015
90522,2020,77,1015
90615,2020,141,1015
90525,2020,162,1015
90075,2020,10,1015
90015,2020,18,1015
90633,2020,9,1015
90642,2020,38,1015
90468,2020,86,1015
90330,2020,22,1015
90501,2020,5,1015
90420,2020,52,1015
90201,2020,23,1015
90528,2020,216,1015
90084,2020,7,1015
90051,2020,32,1015
90702,2020,5,1015
90456,2020,37,1015
90060,2020,7,1015
90462,2020,19,1015
90339,2020,3,1015
90393,2020,0,1015
90207,2020,37,1015
90087,2020,2,1015
90531,2020,10,1015
90360,2020,120,1015
90363,2020,102,1015
90387,2020,1,1015
90036,2020,18,1015
90645,2020,4,1015
90591,2020,160,1015
90165,2020,266,1015
90435,2020,157,1015
90366,2020,2,1015
90534,2020,336,1015
90654,2020,2,1015
90297,2020,20,1015
90660,2020,0,1015
90336,2020,21,1015
90609,2020,98,1015
90177,2020,228,1015
90303,2020,67,1015
90048,2020,80,1015
90459,2020,23,1015
90120,2020,5,1015
90651,2020,4,1015
90600,2020,69,1015
90144,2020,25,1015
90063,2020,57,1015
90108,2020,30,1015
90537,2020,8,1015
90198,2020,37,1015
90540,2020,164,1015
90111,2020,197,1015
90171,2020,251,1015
90312,2020,21,1015
90411,2020,64,1015
90135,2020,8,1015
90180,2020,56,1015
90072,2020,25,1015
90483,2020,10,1015
90369,2020,7,1015
90372,2020,14,1015
90582,2020,29,1015
90627,2020,127,1015
90495,2020,14,1015
90117,2020,33,1015
90033,2020,30,1015
90639,2020,69,1015
90417,2020,21,1015
90375,2020,15,1015
90543,2020,95,1015
90288,2020,2,1015
90546,2020,71,1015
90549,2020,278,1015
90066,2020,15,1015
90672,2020,48,1015
90105,2020,15,1015
90324,2020,90,1015
90405,2020,8,1015
90606,2020,167,1015
90054,2020,20,1015
90213,2020,14,1015
90252,2020,9,1015
90636,2020,30,1015
90219,2020,5,1015
90210,2020,53,1015
90612,2020,84,1015
90492,2020,10,1015
90585,2020,204,1015
90102,2020,12,1015
90114,2020,23,1015
90126,2020,3,1015
90204,2020,26,1015
90552,2020,27,1015
90132,2020,77,1015
90159,2020,12,1015
90414,2020,4,1015
90465,2020,160,1015
90666,2020,11,1015
90390,2020,47,1015
90321,2020,21,1015
90306,2020,27,1015
90162,2020,44,1015
90168,2020,51,1015
90183,2020,50,1015
90555,2020,56,1015
90648,2020,4,1015
90216,2020,3,1015
90630,2020,144,1015
90657,2020,39,1015
90408,2020,107,1015
90558,2020,302,1015
90129,2020,141,1015
90396,2020,38,1015
90186,2020,536,1015
90138,2020,3,1015
90444,2020,201,1015
90486,2020,61,1015
90561,2020,26,1015
90099,2020,6,1015
90123,2020,48,1015
90147,2020,118,1015
90174,2020,1,1015
90564,2020,283,1015
90624,2020,52,1015
90039,2020,205,1015
90453,2020,231,1015
90294,2020,7,1015
90285,2020,19,1015
90567,2020,45,1015
90195,2020,56,1015
90315,2020,63,1015
90441,2020,197,1015
90090,2020,267,1015
90402,2020,20,1015
90603,2020,173,1015
90345,2020,12,1015
90477,2020,51,1015
90378,2020,67,1015
90300,2020,65,1015
90153,2020,726,1015
90663,2020,6,1015
90399,2020,160,1015
90150,2020,9,1015
90381,2020,127,1015
90042,2020,22,1015
90333,2020,4,1015
90570,2020,352,1015
90309,2020,309,1015
90291,2020,21,1015
90705,2020,2,1015
90708,2020,8,1015
90069,2020,47,1015
90594,2020,62,1015
90426,2020,41,1015
90669,2020,1,1015
90573,2020,25,1015
90189,2020,28,1015
90618,2020,14,1015
90384,2020,2,1015
90081,2020,66,1015
90450,2020,177,1015
90447,2020,262,1015
90057,2020,68,1015
90246,2020,9,1015
90009,2020,2,1015
90588,2020,10,1015
90696,2020,0,1015
90255,2020,0,1015
90432,2020,266,1015
90720,2020,35,1015
90249,2020,0,1015
90678,2020,30,1015
90003,2020,1,1015
90006,2020,11,1015
90711,2020,7,1015
90273,2020,2,1015
90279,2020,6,1015
90240,2020,2,1015
90270,2020,2,1015
90714,2020,0,1015
90267,2020,0,1015
90258,2020,60,1015
90348,2020,0,1015
90687,2020,9,1015
90021,2020,18,1015
90507,2020,1,1015
90516,2020,0,1015
90012,2020,17,1015
90513,2020,1,1015
90018,2020,16,1015
90510,2020,1,1015
90276,2020,1,1015
90234,2020,16,1015
90738,2020,0,1015
90093,2020,2,1015
90231,2020,3,1015
90342,2020,16,1015
90498,2020,9,1015
90723,2020,1,1015
90024,2020,1,1015
90264,2020,3,1015
90423,2020,137,1015
90693,2020,0,1015
90096,2020,112,1015
90354,2020,1,1015
90351,2020,5,1015
90729,2020,3,1015
90261,2020,11,1015
90489,2020,115,1015
90000,2020,8,1015
90621,2020,62,1015
90228,2020,4,1015
90726,2020,3,1015
90237,2020,2,1015
90690,2020,0,1015
90717,2020,0,1015
90357,2020,3,1015
90735,2020,2,1015
90504,2020,5,1015
90684,2020,3,1015
90675,2020,5,1015
90744,2020,0,1015
90732,2020,0,1015
90747,2020,0,1015
90027,2020,0,1015
90741,2020,0,1015
90438,2021,44,1015
90192,2021,197,1015
90225,2021,6,1015
90045,2021,45,1015
90579,2021,178,1015
90471,2021,196,1015
90222,2021,10,1015
90681,2021,1,1015
90699,2021,40,1015
90597,2021,35,1015
90030,2021,50,1015
90243,2021,12,1015
90078,2021,82,1015
90474,2021,35,1015
90318,2021,105,1015
90519,2021,79,1015
90282,2021,9,1015
90327,2021,8,1015
90156,2021,355,1015
90480,2021,24,1015
90576,2021,456,1015
90141,2021,301,1015
90429,2021,90,1015
90522,2021,164,1015
90615,2021,248,1015
90525,2021,261,1015
90075,2021,18,1015
90015,2021,20,1015
90633,2021,25,1015
90642,2021,83,1015
90468,2021,151,1015
90330,2021,23,1015
90501,2021,3,1015
90420,2021,81,1015
90201,2021,31,1015
90528,2021,412,1015
90084,2021,13,1015
90051,2021,57,1015
90702,2021,13,1015
90456,2021,68,1015
90060,2021,2,1015
90462,2021,27,1015
90339,2021,4,1015
90393,2021,5,1015
90207,2021,57,1015
90087,2021,3,1015
90531,2021,8,1015
90360,2021,201,1015
90363,2021,188,1015
90387,2021,4,1015
90036,2021,38,1015
90645,2021,5,1015
90591,2021,300,1015
90165,2021,465,1015
90435,2021,256,1015
90366,2021,2,1015
90534,2021,525,1015
90654,2021,1,1015
90297,2021,22,1015
90660,2021,0,1015
90336,2021,34,1015
90609,2021,169,1015
90177,2021,348,1015
90303,2021,89,1015
90048,2021,158,1015
90459,2021,40,1015
90120,2021,2,1015
90651,2021,7,1015
90600,2021,115,1015
90144,2021,47,1015
90063,2021,92,1015
90108,2021,47,1015
90537,2021,16,1015
90198,2021,119,1015
90540,2021,253,1015
90111,2021,326,1015
90171,2021,410,1015
90312,2021,34,1015
90411,2021,83,1015
90135,2021,13,1015
90180,2021,125,1015
90072,2021,49,1015
90483,2021,18,1015
90369,2021,18,1015
90372,2021,12,1015
90582,2021,46,1015
90627,2021,169,1015
90495,2021,13,1015
90117,2021,78,1015
90033,2021,57,1015
90639,2021,127,1015
90417,2021,39,1015
90375,2021,30,1015
90543,2021,134,1015
90288,2021,5,1015
90546,2021,149,1015
90549,2021,432,1015
90066,2021,20,1015
90672,2021,73,1015
90105,2021,13,1015
90324,2021,163,1015
90405,2021,16,1015
90606,2021,308,1015
90054,2021,13,1015
90213,2021,12,1015
90252,2021,25,1015
90636,2021,49,1015
90219,2021,20,1015
90210,2021,103,1015
90612,2021,147,1015
90492,2021,12,1015
90585,2021,355,1015
90102,2021,15,1015
90114,2021,37,1015
90126,2021,5,1015
90204,2021,48,1015
90552,2021,43,1015
90132,2021,136,1015
90159,2021,20,1015
90414,2021,13,1015
90465,2021,260,1015
90666,2021,7,1015
90390,2021,69,1015
90321,2021,55,1015
90306,2021,38,1015
90162,2021,77,1015
90168,2021,86,1015
90183,2021,53,1015
90555,2021,109,1015
90648,2021,8,1015
90216,2021,4,1015
90630,2021,263,1015
90657,2021,71,1015
90408,2021,222,1015
90558,2021,459,1015
90129,2021,234,1015
90396,2021,71,1015
90186,2021,728,1015
90138,2021,2,1015
90444,2021,302,1015
90486,2021,113,1015
90561,2021,37,1015
90099,2021,10,1015
90123,2021,88,1015
90147,2021,223,1015
90174,2021,4,1015
90564,2021,522,1015
90624,2021,93,1015
90039,2021,347,1015
90453,2021,345,1015
90294,2021,13,1015
90285,2021,18,1015
90567,2021,90,1015
90195,2021,103,1015
90315,2021,136,1015
90441,2021,351,1015
90090,2021,395,1015
90402,2021,24,1015
90603,2021,287,1015
90345,2021,9,1015
90477,2021,96,1015
90378,2021,117,1015
90300,2021,86,1015
90153,2021,884,1015
90663,2021,3,1015
90399,2021,229,1015
90150,2021,25,1015
90381,2021,190,1015
90042,2021,28,1015
90333,2021,3,1015
90570,2021,551,1015
90309,2021,486,1015
90291,2021,75,1015
90705,2021,1,1015
90708,2021,15,1015
90069,2021,93,1015
90594,2021,109,1015
90426,2021,46,1015
90669,2021,3,1015
90573,2021,37,1015
90189,2021,31,1015
90618,2021,24,1015
90384,2021,2,1015
90081,2021,101,1015
90450,2021,297,1015
90447,2021,457,1015
90057,2021,101,1015
90246,2021,6,1015
90009,2021,3,1015
90588,2021,17,1015
90696,2021,0,1015
90255,2021,0,1015
90432,2021,418,1015
90720,2021,33,1015
90249,2021,0,1015
90678,2021,57,1015
90003,2021,2,1015
90006,2021,14,1015
90711,2021,4,1015
90273,2021,3,1015
90279,2021,15,1015
90240,2021,2,1015
90270,2021,2,1015
90714,2021,0,1015
90267,2021,2,1015
90258,2021,89,1015
90348,2021,0,1015
90687,2021,4,1015
90021,2021,20,1015
90507,2021,0,1015
90516,2021,1,1015
90012,2021,16,1015
90513,2021,3,1015
90018,2021,30,1015
90510,2021,5,1015
90276,2021,2,1015
90234,2021,31,1015
90738,2021,0,1015
90093,2021,4,1015
90231,2021,1,1015
90342,2021,18,1015
90498,2021,16,1015
90723,2021,2,1015
90024,2021,5,1015
90264,2021,0,1015
90423,2021,259,1015
90693,2021,1,1015
90096,2021,189,1015
90354,2021,2,1015
90351,2021,5,1015
90729,2021,4,1015
90261,2021,16,1015
90489,2021,185,1015
90000,2021,3,1015
90621,2021,113,1015
90228,2021,7,1015
90726,2021,4,1015
90237,2021,6,1015
90690,2021,1,1015
90717,2021,1,1015
90357,2021,3,1015
90735,2021,3,1015
90504,2021,3,1015
90684,2021,4,1015
90675,2021,14,1015
90744,2021,0,1015
90732,2021,0,1015
90747,2021,1,1015
90027,2021,1,1015
90741,2021,0,1015
90438,2022,109,1015
90192,2022,390,1015
90225,2022,23,1015
90045,2022,87,1015
90579,2022,340,1015
90471,2022,392,1015
90222,2022,14,1015
90681,2022,6,1015
90699,2022,117,1015
90597,2022,76,1015
90030,2022,102,1015
90243,2022,14,1015
90078,2022,163,1015
90474,2022,69,1015
90318,2022,146,1015
90519,2022,188,1015
90282,2022,16,1015
90327,2022,10,1015
90156,2022,587,1015
90480,2022,45,1015
90576,2022,674,1015
90141,2022,534,1015
90429,2022,198,1015
90522,2022,307,1015
90615,2022,429,1015
90525,2022,418,1015
90075,2022,47,1015
90015,2022,61,1015
90633,2022,54,1015
90642,2022,175,1015
90468,2022,275,1015
90330,2022,53,1015
90501,2022,4,1015
90420,2022,185,1015
90201,2022,44,1015
90528,2022,630,1015
90084,2022,28,1015
90051,2022,118,1015
90702,2022,29,1015
90456,2022,153,1015
90060,2022,8,1015
90462,2022,43,1015
90339,2022,8,1015
90393,2022,1,1015
90207,2022,130,1015
90087,2022,3,1015
90531,2022,32,1015
90360,2022,389,1015
90363,2022,349,1015
90387,2022,12,1015
90036,2022,69,1015
90645,2022,8,1015
90591,2022,542,1015
90165,2022,656,1015
90435,2022,503,1015
90366,2022,9,1015
90534,2022,770,1015
90654,2022,20,1015
90297,2022,67,1015
90660,2022,1,1015
90336,2022,83,1015
90609,2022,330,1015
90177,2022,579,1015
90303,2022,200,1015
90048,2022,272,1015
90459,2022,82,1015
90120,2022,1,1015
90651,2022,11,1015
90600,2022,256,1015
90144,2022,84,1015
90063,2022,217,1015
90108,2022,126,1015
90537,2022,21,1015
90198,2022,178,1015
90540,2022,431,1015
90111,2022,567,1015
90171,2022,661,1015
90312,2022,62,1015
90411,2022,175,1015
90135,2022,38,1015
90180,2022,260,1015
90072,2022,111,1015
90483,2022,20,1015
90369,2022,23,1015
90372,2022,31,1015
90582,2022,98,1015
90627,2022,386,1015
90495,2022,40,1015
90117,2022,159,1015
90033,2022,100,1015
90639,2022,272,1015
90417,2022,76,1015
90375,2022,66,1015
90543,2022,269,1015
90288,2022,9,1015
90546,2022,318,1015
90549,2022,683,1015
90066,2022,45,1015
90672,2022,178,1015
90105,2022,21,1015
90324,2022,327,1015
90405,2022,35,1015
90606,2022,553,1015
90054,2022,39,1015
90213,2022,25,1015
90252,2022,40,1015
90636,2022,83,1015
90219,2022,35,1015
90210,2022,189,1015
90612,2022,321,1015
90492,2022,32,1015
90585,2022,560,1015
90102,2022,28,1015
90114,2022,92,1015
90126,2022,11,1015
90204,2022,65,1015
90552,2022,89,1015
90132,2022,274,1015
90159,2022,43,1015
90414,2022,23,1015
90465,2022,528,1015
90666,2022,24,1015
90390,2022,143,1015
90321,2022,96,1015
90306,2022,107,1015
90162,2022,163,1015
90168,2022,176,1015
90183,2022,162,1015
90555,2022,259,1015
90648,2022,14,1015
90216,2022,12,1015
90630,2022,467,1015
90657,2022,170,1015
90408,2022,419,1015
90558,2022,702,1015
90129,2022,398,1015
90396,2022,161,1015
90186,2022,897,1015
90138,2022,7,1015
90444,2022,538,1015
90486,2022,221,1015
90561,2022,80,1015
90099,2022,17,1015
90123,2022,187,1015
90147,2022,393,1015
90174,2022,10,1015
90564,2022,756,1015
90624,2022,200,1015
90039,2022,591,1015
90453,2022,605,1015
90294,2022,15,1015
90285,2022,32,1015
90567,2022,185,1015
90195,2022,206,1015
90315,2022,259,1015
90441,2022,640,1015
90090,2022,655,1015
90402,2022,58,1015
90603,2022,518,1015
90345,2022,11,1015
90477,2022,178,1015
90378,2022,248,1015
90300,2022,216,1015
90153,2022,960,1015
90663,2022,9,1015
90399,2022,449,1015
90150,2022,40,1015
90381,2022,357,1015
90042,2022,95,1015
90333,2022,7,1015
90570,2022,765,1015
90309,2022,699,1015
90291,2022,154,1015
90705,2022,4,1015
90708,2022,35,1015
90069,2022,168,1015
90594,2022,256,1015
90426,2022,107,1015
90669,2022,5,1015
90573,2022,86,1015
90189,2022,75,1015
90618,2022,57,1015
90384,2022,16,1015
90081,2022,221,1015
90450,2022,521,1015
90447,2022,678,1015
90057,2022,207,1015
90246,2022,25,1015
90009,2022,7,1015
90588,2022,31,1015
90696,2022,1,1015
90255,2022,1,1015
90432,2022,682,1015
90720,2022,95,1015
90249,2022,0,1015
90678,2022,111,1015
90003,2022,0,1015
90006,2022,9,1015
90711,2022,5,1015
90273,2022,19,1015
90279,2022,14,1015
90240,2022,2,1015
90270,2022,4,1015
90714,2022,0,1015
90267,2022,5,1015
90258,2022,190,1015
90348,2022,0,1015
90687,2022,25,1015
90021,2022,38,1015
90507,2022,2,1015
90516,2022,2,1015
90012,2022,28,1015
90513,2022,5,1015
90018,2022,47,1015
90510,2022,6,1015
90276,2022,7,1015
90234,2022,45,1015
90738,2022,3,1015
90093,2022,10,1015
90231,2022,2,1015
90342,2022,46,1015
90498,2022,22,1015
90723,2022,3,1015
90024,2022,6,1015
90264,2022,8,1015
90423,2022,433,1015
90693,2022,1,1015
90096,2022,327,1015
90354,2022,1,1015
90351,2022,14,1015
90729,2022,6,1015
90261,2022,32,1015
90489,2022,354,1015
90000,2022,9,1015
90621,2022,228,1015
90228,2022,13,1015
90726,2022,4,1015
90237,2022,4,1015
90690,2022,2,1015
90717,2022,1,1015
90357,2022,2,1015
90735,2022,7,1015
90504,2022,12,1015
90684,2022,12,1015
90675,2022,30,1015
90744,2022,0,1015
90732,2022,0,1015
90747,2022,0,1015
90027,2022,7,1015
90741,2022,0,1015
90438,2023,146,1015
90192,2023,537,1015
90225,2023,22,1015
90045,2023,102,1015
90579,2023,450,1015
90471,2023,482,1015
90222,2023,18,1015
90681,2023,3,1015
90699,2023,153,1015
90597,2023,85,1015
90030,2023,132,1015
90243,2023,17,1015
90078,2023,241,1015
90474,2023,100,1015
90318,2023,222,1015
90519,2023,251,1015
90282,2023,32,1015
90327,2023,16,1015
90156,2023,717,1015
90480,2023,55,1015
90576,2023,786,1015
90141,2023,666,1015
90429,2023,269,1015
90522,2023,424,1015
90615,2023,538,1015
90525,2023,536,1015
90075,2023,66,1015
90015,2023,65,1015
90633,2023,72,1015
90642,2023,241,1015
90468,2023,361,1015
90330,2023,80,1015
90501,2023,6,1015
90420,2023,288,1015
90201,2023,77,1015
90528,2023,765,1015
90084,2023,33,1015
90051,2023,205,1015
90702,2023,30,1015
90456,2023,202,1015
90060,2023,12,1015
90462,2023,64,1015
90339,2023,12,1015
90393,2023,3,1015
90207,2023,167,1015
90087,2023,12,1015
90531,2023,30,1015
90360,2023,573,1015
90363,2023,468,1015
90387,2023,3,1015
90036,2023,78,1015
90645,2023,14,1015
90591,2023,661,1015
90165,2023,786,1015
90435,2023,621,1015
90366,2023,22,1015
90534,2023,863,1015
90654,2023,18,1015
90297,2023,97,1015
90660,2023,0,1015
90336,2023,108,1015
90609,2023,472,1015
90177,2023,715,1015
90303,2023,291,1015
90048,2023,349,1015
90459,2023,124,1015
90120,2023,4,1015
90651,2023,18,1015
90600,2023,281,1015
90144,2023,115,1015
90063,2023,264,1015
90108,2023,149,1015
90537,2023,56,1015
90198,2023,258,1015
90540,2023,558,1015
90111,2023,670,1015
90171,2023,821,1015
90312,2023,78,1015
90411,2023,243,1015
90135,2023,40,1015
90180,2023,382,1015
90072,2023,175,1015
90483,2023,33,1015
90369,2023,39,1015
90372,2023,44,1015
90582,2023,148,1015
90627,2023,448,1015
90495,2023,42,1015
90117,2023,204,1015
90033,2023,167,1015
90639,2023,362,1015
90417,2023,90,1015
90375,2023,89,1015
90543,2023,370,1015
90288,2023,18,1015
90546,2023,424,1015
90549,2023,817,1015
90066,2023,70,1015
90672,2023,226,1015
90105,2023,23,1015
90324,2023,410,1015
90405,2023,35,1015
90606,2023,686,1015
90054,2023,52,1015
90213,2023,37,1015
90252,2023,44,1015
90636,2023,130,1015
90219,2023,29,1015
90210,2023,301,1015
90612,2023,403,1015
90492,2023,40,1015
90585,2023,693,1015
90102,2023,30,1015
90114,2023,110,1015
90126,2023,20,1015
90204,2023,103,1015
90552,2023,127,1015
90132,2023,422,1015
90159,2023,72,1015
90414,2023,32,1015
90465,2023,669,1015
90666,2023,35,1015
90390,2023,203,1015
90321,2023,160,1015
90306,2023,139,1015
90162,2023,221,1015
90168,2023,250,1015
90183,2023,223,1015
90555,2023,333,1015
90648,2023,18,1015
90216,2023,8,1015
90630,2023,603,1015
90657,2023,224,1015
90408,2023,571,1015
90558,2023,833,1015
90129,2023,535,1015
90396,2023,192,1015
90186,2023,951,1015
90138,2023,7,1015
90444,2023,662,1015
90486,2023,332,1015
90561,2023,124,1015
90099,2023,17,1015
90123,2023,268,1015
90147,2023,495,1015
90174,2023,7,1015
90564,2023,867,1015
90624,2023,294,1015
90039,2023,721,1015
90453,2023,695,1015
90294,2023,13,1015
90285,2023,38,1015
90567,2023,271,1015
90195,2023,285,1015
90315,2023,353,1015
90441,2023,771,1015
90090,2023,763,1015
90402,2023,99,1015
90603,2023,693,1015
90345,2023,20,1015
90477,2023,278,1015
90378,2023,337,1015
90300,2023,303,1015
90153,2023,1000,1015
90663,2023,6,1015
90399,2023,561,1015
90150,2023,75,1015
90381,2023,473,1015
90042,2023,111,1015
90333,2023,8,1015
90570,2023,841,1015
90309,2023,819,1015
90291,2023,206,1015
90705,2023,3,1015
90708,2023,51,1015
90069,2023,222,1015
90594,2023,349,1015
90426,2023,134,1015
90669,2023,5,1015
90573,2023,112,1015
90189,2023,119,1015
90618,2023,64,1015
90384,2023,21,1015
90081,2023,330,1015
90450,2023,650,1015
90447,2023,792,1015
90057,2023,246,1015
90246,2023,20,1015
90009,2023,16,1015
90588,2023,53,1015
90696,2023,1,1015
90255,2023,3,1015
90432,2023,763,1015
90720,2023,126,1015
90249,2023,4,1015
90678,2023,136,1015
90003,2023,2,1015
90006,2023,37,1015
90711,2023,9,1015
90273,2023,13,1015
90279,2023,18,1015
90240,2023,4,1015
90270,2023,0,1015
90714,2023,0,1015
90267,2023,1,1015
90258,2023,276,1015
90348,2023,0,1015
90687,2023,31,1015
90021,2023,71,1015
90507,2023,6,1015
90516,2023,3,1015
90012,2023,43,1015
90513,2023,3,1015
90018,2023,76,1015
90510,2023,9,1015
90276,2023,2,1015
90234,2023,60,1015
90738,2023,4,1015
90093,2023,4,1015
90231,2023,4,1015
90342,2023,76,1015
90498,2023,30,1015
90723,2023,3,1015
90024,2023,13,1015
90264,2023,10,1015
90423,2023,536,1015
90693,2023,4,1015
90096,2023,453,1015
90354,2023,1,1015
90351,2023,17,1015
90729,2023,20,1015
90261,2023,39,1015
90489,2023,439,1015
90000,2023,11,1015
90621,2023,321,1015
90228,2023,29,1015
90726,2023,4,1015
90237,2023,5,1015
90690,2023,2,1015
90717,2023,0,1015
90357,2023,3,1015
90735,2023,11,1015
90504,2023,9,1015
90684,2023,11,1015
90675,2023,46,1015
90744,2023,0,1015
90732,2023,1,1015
90747,2023,0,1015
90027,2023,7,1015
90741,2023,0,1015
